State,District,Latitude,Longitude,Population,Male,Female,Hindus,Muslims,Christians,Sikhs,Buddhists,Jains,Others_Religions,Rural_Households,Urban_Households,sex_ratio,literacy_rate,male_literacy,female_literacy
Andhra Pradesh,Adilabad,19.284513950073435,78.81321233480176,2741239,1369597,1371642,2399901,275970,15422,1377,25510,617,322,597466,220248,1001.0,54.0,63.0,46.0
Andhra Pradesh,Anantapur,14.312065561843148,77.4601584478577,4081148,2064495,2016653,3599372,443456,20463,932,341,1417,309,902997,341431,977.0,57.0,65.0,48.0
Andhra Pradesh,Chittoor,13.33109263067696,78.92763898886037,4174064,2090204,2083860,3737588,397870,24129,867,253,1322,358,907970,395900,997.0,64.0,71.0,57.0
Andhra Pradesh,East Godavari,16.782718320784902,82.2432074720511,5154296,2569688,2584608,4983330,77777,77825,738,413,4149,403,1199479,406362,1006.0,64.0,67.0,61.0
Andhra Pradesh,Guntur,15.884925767634847,80.58657614107885,4887813,2440521,2447292,4217597,559770,89763,764,323,3282,332,1069877,513113,1003.0,61.0,67.0,54.0
Andhra Pradesh,Hyderabad,17.38971555555556,78.46668888888888,3943323,2018575,1924748,2046051,1713405,87522,11446,1268,19560,1929,0,1066289,954.0,73.0,76.0,70.0
Andhra Pradesh,Karimnagar,18.515483193277312,79.43765428571413,3776269,1880800,1895469,3491139,244723,24979,2086,332,312,115,877236,288044,1008.0,58.0,67.0,50.0
Andhra Pradesh,Khammam,17.683921325051784,80.67008643892335,2797370,1390988,1406382,2595321,158887,33463,655,217,459,539,669262,201363,1011.0,58.0,65.0,52.0
Andhra Pradesh,Krishna,16.143872753151673,81.14805061000413,4517398,2267375,2250023,4023678,307043,145598,1393,863,6320,906,909292,567042,992.0,67.0,71.0,63.0
Andhra Pradesh,Kurnool,15.43759715142429,77.90086836581717,4053463,2039227,2014236,3328380,670737,33165,737,255,2235,434,783853,306982,988.0,52.0,61.0,44.0
Andhra Pradesh,Mahbubnagar,16.639546224256293,77.98933089244859,4053028,2050386,2002642,3673456,334172,21345,658,290,388,267,848963,161052,977.0,48.0,56.0,39.0
Andhra Pradesh,Medak,17.889304978038055,78.13778901903379,3033288,1523030,1510258,2637313,342449,34301,1309,554,457,217,593653,195479,992.0,54.0,63.0,45.0
Andhra Pradesh,Nalgonda,17.113250515463907,79.16984453608244,3488809,1759772,1729037,3249231,188646,35025,937,241,250,132,833504,197433,983.0,57.0,66.0,49.0
Andhra Pradesh,Nizamabad,18.429485849056604,78.07523490566035,2551335,1250641,1300694,2123426,391596,19653,2357,1847,542,146,565165,155133,1040.0,54.0,63.0,46.0
Andhra Pradesh,Prakasam,15.489039001601704,80.11665790176184,3397448,1714764,1682684,3150195,220654,18775,266,97,204,206,873486,214089,981.0,56.0,65.0,47.0
Andhra Pradesh,Srikakulam,18.570900998697432,84.25874814010675,2703114,1341738,1361376,2666950,9025,18879,193,77,160,106,752752,149684,1015.0,55.0,64.0,47.0
Andhra Pradesh,Vizianagaram,18.28329696032972,83.45982854198873,2344474,1161477,1182997,2299129,16423,17853,380,114,815,183,592458,157056,1019.0,53.0,61.0,45.0
Andhra Pradesh,Warangal,18.01752608695651,79.87422028985509,3512576,1759281,1753295,3273755,197333,31377,1453,253,569,126,758738,288249,997.0,59.0,67.0,50.0
Andhra Pradesh,West Godavari,16.63297943925236,81.45912990654196,3936966,1964918,1972048,3733191,86142,109120,288,209,1578,211,1007255,248373,1004.0,67.0,70.0,65.0
Arunachal Pradesh,Changlang,27.36048479338845,96.37552644628106,148226,76948,71278,47683,2134,35969,94,50381,95,11738,33422,6498,926.0,49.0,57.0,41.0
Arunachal Pradesh,East Kameng,27.371194055944056,93.04741486013997,78690,38775,39915,12333,652,37136,36,452,23,27868,14503,5215,1029.0,49.0,56.0,42.0
Arunachal Pradesh,East Siang,28.15382352941176,95.06499226006191,99214,50116,49098,27854,2289,18254,69,776,30,49393,19497,9524,980.0,63.0,68.0,58.0
Arunachal Pradesh,Kurung Kumey,28.04853351800553,93.24531994459834,92076,45318,46758,4859,471,51189,43,121,81,34158,18603,1092,1032.0,40.0,45.0,35.0
Arunachal Pradesh,Lohit,27.946785273972623,96.59670770547945,145726,76221,69505,99020,3846,10684,210,24452,104,7277,33599,11372,912.0,57.0,63.0,50.0
Arunachal Pradesh,Lower Dibang Valley,28.32651730103806,95.76567335640142,54080,28053,26027,28915,2247,9213,33,2932,19,10393,12000,3950,928.0,59.0,64.0,53.0
Arunachal Pradesh,Lower Subansiri,27.70849297297297,93.96226108108112,83030,41843,41187,9551,1482,34402,27,193,13,37085,18112,5365,984.0,65.0,70.0,60.0
Arunachal Pradesh,Papum Pare,27.273529716981127,93.54468183962264,176573,89182,87391,57027,6148,84397,310,4768,139,22586,20308,30180,980.0,69.0,74.0,63.0
Arunachal Pradesh,Tawang,27.680683962264148,91.82504245283016,49977,29151,20826,11842,787,776,1164,34920,72,349,10730,2452,714.0,52.0,61.0,40.0
Arunachal Pradesh,Tirap,26.94406229508198,95.41470327868862,111975,57604,54371,20682,1103,83361,61,778,43,5325,18420,6500,944.0,43.0,51.0,34.0
Arunachal Pradesh,Upper Siang,28.8309244897959,95.00155765306124,35320,18699,16621,5261,411,5643,27,2577,7,20967,8569,2182,889.0,52.0,57.0,45.0
Arunachal Pradesh,Upper Subansiri,28.277196566523585,93.8991435622318,83448,41758,41690,13474,521,8779,28,297,11,59449,14542,4672,998.0,54.0,59.0,49.0
Arunachal Pradesh,West Kameng,27.46486582278483,92.65015750452083,83947,46155,37792,31265,1970,8466,328,36087,71,5556,17889,6306,819.0,58.0,64.0,50.0
Arunachal Pradesh,West Siang,28.106296920289843,94.53510344202908,112274,58168,54106,15881,2218,29969,577,3311,49,60005,22272,8503,930.0,58.0,63.0,52.0
Assam,Barpeta,26.427872264631056,90.97912010178116,1693622,867004,826618,492966,1198036,1020,112,49,399,14,447189,52192,953.0,53.0,58.0,48.0
Assam,Bongaigaon,26.45012521994133,90.6734296187684,738804,375818,362986,359145,371033,5924,384,236,871,9,181923,38470,966.0,59.0,63.0,54.0
Assam,Cachar,24.815570668693017,92.86849650455927,1736617,886284,850333,1038985,654816,37635,280,341,1673,98,346227,88933,959.0,68.0,72.0,63.0
Assam,Darrang,26.58463215962442,92.04141338028155,928500,475273,453227,327322,597392,1688,431,57,724,19,268517,20189,954.0,52.0,57.0,48.0
Assam,Dhemaji,27.586533438485816,94.71336908517353,686133,351249,334884,655052,13475,8711,297,911,167,6315,211758,16504,953.0,62.0,68.0,55.0
Assam,Dibrugarh,27.30612284482757,95.0998282327587,1326335,676434,649901,1198401,64526,52968,2261,4673,1055,46,299852,77163,961.0,67.0,73.0,60.0
Assam,Goalpara,26.017277777777807,90.59869891598912,1008183,513292,494891,347878,579929,77862,771,194,477,103,228610,39504,964.0,56.0,59.0,52.0
Assam,Golaghat,26.377219709794485,93.82583397823468,1066888,543161,523727,917426,90312,50582,1131,3863,530,1347,292893,34190,964.0,68.0,73.0,62.0
Assam,Hailakandi,24.457496089385486,92.59154664804475,659296,337890,321406,251194,397653,8480,84,490,247,636,159215,16202,951.0,62.0,67.0,56.0
Assam,Jorhat,26.76244824016563,94.30197722567289,1092256,556805,535451,1008219,54684,21051,1540,2378,719,578,286330,80824,962.0,73.0,78.0,68.0
Assam,Kamrup,26.170939452054807,91.58863273972592,1517542,778461,739081,877495,601784,33297,319,185,1330,55,390596,43849,949.0,66.0,71.0,60.0
Assam,Karbi Anglong,26.08966454598031,93.11536570271832,956313,490167,466146,766000,20290,157789,370,6260,397,3568,215691,37185,951.0,58.0,64.0,52.0
Assam,Karimganj,24.69660712250711,92.3679498575498,1228686,625864,602822,521962,692489,11990,114,446,524,110,261945,32695,963.0,65.0,70.0,60.0
Assam,Kokrajhar,26.497246635730868,90.13997470997688,887142,452905,434237,529068,252271,101091,93,1718,396,123,204896,17115,959.0,55.0,61.0,49.0
Assam,Lakhimpur,27.14128805970149,94.0775949253732,1042137,529674,512463,797130,193476,46217,412,1074,250,2410,293239,34694,968.0,66.0,71.0,60.0
Assam,Nagaon,26.26462170626351,92.9306191144708,2823768,1439112,1384656,1225246,1563203,26844,3036,1073,1162,61,674999,124186,962.0,61.0,64.0,57.0
Assam,Nalbari,26.46323767605632,91.40598521126763,771639,396006,375633,491582,277488,429,62,27,1004,9,210706,28238,949.0,69.0,74.0,64.0
Assam,Sonitpur,26.73514926829268,92.85197804878044,1924110,983904,940206,1422824,350536,138166,1363,5088,1003,221,483325,64528,956.0,58.0,63.0,52.0
Assam,Tinsukia,27.53549291139241,95.69055949367085,1327929,680231,647698,1181347,48373,76877,1999,16228,837,395,290704,90910,952.0,60.0,67.0,53.0
Bihar,Araria,26.211528119180603,87.30766554934816,2811569,1463333,1348236,1593525,1207442,4116,371,187,1910,63,659061,44213,921.0,43.0,50.0,35.0
Bihar,Aurangabad,24.774291867469877,84.45986024096379,2540073,1318684,1221389,2291133,237353,2218,295,334,775,19,428291,49006,926.0,58.0,66.0,49.0
Bihar,Aurangabad,24.774291867469877,84.45986024096379,3701282,1924469,1776813,2545438,786677,15991,5142,309093,30981,1005,551789,427343,923.0,68.0,74.0,60.0
Bihar,Banka,24.832355642023337,86.8664916342413,2034763,1067140,967623,1772655,250925,6138,139,113,94,1035,425604,18492,907.0,47.0,55.0,39.0
Bihar,Begusarai,25.54302613168723,86.12560144032932,2970541,1567660,1402881,2554330,407348,2209,402,229,276,57,594377,139248,895.0,52.0,59.0,45.0
Bihar,Bhagalpur,25.277192885375477,87.04213814229242,3037766,1615663,1422103,2487866,537098,3556,415,180,1050,32,522527,130634,880.0,52.0,58.0,45.0
Bihar,Bhojpur,25.50666439393939,84.49407803030304,2728407,1430380,1298027,2518216,197819,2165,544,647,1472,48,434559,77368,907.0,59.0,68.0,48.0
Bihar,Buxar,25.48593018867924,84.08808081760995,1706352,887977,818375,1591454,105423,2125,248,5090,97,57,299252,35405,922.0,58.0,67.0,48.0
Bihar,Darbhanga,26.146187719298258,85.97387352472099,3937385,2059949,1877436,3042729,881476,3534,832,245,236,101,907174,95539,911.0,46.0,55.0,37.0
Bihar,Gaya,24.7266541547278,84.94291217765044,4391418,2266566,2124852,3876395,488121,3943,913,870,1723,108,696289,111282,937.0,52.0,60.0,44.0
Bihar,Gopalganj,26.44874364161851,84.34636127167629,2562012,1267666,1294346,2119262,436057,2463,271,167,133,28,515925,38133,1021.0,54.0,63.0,46.0
Bihar,Jamui,24.78418380462726,86.26316298200514,1760405,916064,844341,1525746,217621,8443,162,159,87,3438,325909,30851,922.0,49.0,58.0,38.0
Bihar,Jehanabad,25.155679045643165,84.9208124481328,1125313,585582,539731,1045117,75742,691,148,248,60,58,186660,28132,922.0,55.0,64.0,45.0
Bihar,Katihar,25.56565356037151,87.70466083591326,3071029,1600430,1470599,1684589,1365645,8659,2754,212,507,2141,668232,69838,919.0,42.0,48.0,35.0
Bihar,Khagaria,25.53558891454964,86.56593256351037,1666886,883786,783100,1486989,175588,1253,143,79,86,115,373696,21007,886.0,46.0,52.0,39.0
Bihar,Kishanganj,26.324336758321294,87.95045007235886,1690400,866970,823430,531236,1149095,5783,398,183,1476,28,401793,43357,950.0,44.0,51.0,37.0
Bihar,Lakhisarai,25.183449321266963,86.12825701357468,1000912,526345,474567,956396,40886,487,140,52,78,52,175882,31763,902.0,51.0,58.0,43.0
Bihar,Madhepura,25.77341929460581,86.8978443983403,2001762,1047559,954203,1753829,241760,1342,170,60,133,81,486278,24000,911.0,42.0,49.0,33.0
Bihar,Madhubani,26.41380538172716,86.16328360450552,4487379,2329313,2158066,3652168,818912,3262,564,328,442,169,1047552,41234,926.0,48.0,58.0,38.0
Bihar,Munger,25.198537962962963,86.54173672839504,1367765,729041,638724,1252319,110416,1815,338,95,145,61,222281,85782,876.0,59.0,65.0,51.0
Bihar,Muzaffarpur,26.18664417177915,85.32745092024543,4801062,2527497,2273565,4032773,745546,5149,933,288,382,98,998694,120700,900.0,52.0,59.0,45.0
Bihar,Nalanda,25.229345508982053,85.48053113772461,2877653,1497060,1380593,2669775,198033,1978,393,414,561,64,514141,102522,922.0,53.0,61.0,43.0
Bihar,Nawada,24.825708836206903,85.61594568965519,2219146,1144668,1074478,1964620,244394,1299,250,176,279,80,379551,45323,939.0,49.0,58.0,40.0
Bihar,Pashchim Champaran,27.16064352201258,84.30265911949685,3935042,2061110,1873932,3047427,865090,8469,926,1337,296,1895,839514,96620,909.0,45.0,53.0,36.0
Bihar,Patna,25.40297114503818,85.3198433587787,5838465,3078512,2759953,5356075,439952,12551,4803,1062,2151,203,657991,552103,897.0,59.0,66.0,52.0
Bihar,Purba Champaran,26.68129336734693,85.00382155612242,5099371,2681209,2418162,4086453,990349,4865,668,878,464,104,1142260,101565,902.0,45.0,52.0,36.0
Bihar,Purnia,25.81714801901739,87.40447606973065,3264619,1699370,1565249,1989420,1255641,7989,614,353,1450,650,712847,85749,921.0,41.0,47.0,34.0
Bihar,Rohtas,24.99170460829495,83.9350762672811,2959918,1543546,1416372,2645415,300487,2889,2569,1584,252,537,512383,95678,918.0,61.0,69.0,52.0
Bihar,Saharsa,25.821270696721303,86.54670819672135,1900661,997174,903487,1629254,266620,1292,197,60,109,8,432651,38046,906.0,42.0,51.0,33.0
Bihar,Samastipur,25.793205563909765,85.94833323308269,4261566,2230003,2031563,3800598,452370,2126,554,292,231,112,1012979,43486,911.0,50.0,58.0,42.0
Bihar,Saran,25.89656077844312,84.82266287425155,3951862,2022821,1929041,3534772,406449,2330,371,229,322,107,701323,76299,954.0,55.0,64.0,45.0
Bihar,Sheikhpura,25.12472436548223,85.77839390862943,636342,329743,306599,596102,37653,313,75,41,43,31,108293,24345,930.0,52.0,60.0,43.0
Bihar,Sheohar,26.458380748663107,85.29539411764709,656246,346673,309573,552492,99342,522,216,73,52,44,158484,7516,893.0,43.0,50.0,36.0
Bihar,Sitamarhi,26.56570069686413,85.61172491289203,3423574,1803252,1620322,2672311,740101,2897,261,253,188,20,807294,49670,899.0,42.0,49.0,34.0
Bihar,Siwan,26.1736372013652,84.33766552901022,3330464,1675090,1655374,2712635,608282,2618,369,407,359,86,632514,41858,988.0,58.0,67.0,49.0
Bihar,Supaul,26.28157893772896,86.78496465201461,2229076,1155283,1073793,1809936,409251,3758,271,136,546,42,572287,27815,929.0,46.0,56.0,36.0
Bihar,Vaishali,25.8134703180212,85.39247597173153,3495021,1844535,1650486,3152346,333980,2203,707,362,246,71,699317,51494,895.0,55.0,62.0,47.0
Chandigarh,Chandigarh,30.7426,76.75872465753424,1055450,580663,474787,852574,51447,8720,138329,1160,1960,246,8911,289456,818.0,76.0,80.0,72.0
Chhattisgarh,Bastar,19.393866751269048,81.52895126903546,1413199,698487,714712,1277975,12413,27951,2099,985,3466,86925,316425,54894,1023.0,46.0,55.0,38.0
Chhattisgarh,Bilaspur,22.356942982456143,81.99770350877188,381956,192764,189192,371973,6984,236,2387,113,10,7,152458,11987,981.0,75.0,81.0,70.0
Chhattisgarh,Bilaspur,22.356942982456143,81.99770350877188,2663629,1351574,1312055,2540763,57973,20745,6373,2979,2357,29122,549632,188174,971.0,60.0,69.0,51.0
Chhattisgarh,Dhamtari,20.554912627291245,81.7569195519348,799781,397897,401884,777188,10425,2644,1196,667,3612,3685,168689,41792,1010.0,68.0,76.0,60.0
Chhattisgarh,Durg,21.194463849287164,81.33181639511197,3343872,1682101,1661771,3129745,83499,24304,24276,19587,17209,42569,533448,349741,988.0,69.0,76.0,61.0
Chhattisgarh,Jashpur,22.77286167664669,83.8703962075848,851669,424747,426922,629509,15336,189588,474,467,694,14835,205670,20722,1005.0,58.0,66.0,50.0
Chhattisgarh,Korba,22.491712499999995,82.57604326923074,1206640,612915,593725,1133176,30195,21059,3666,897,753,15649,206598,126055,969.0,62.0,71.0,53.0
Chhattisgarh,Koriya,23.50412776859501,82.12515636363635,658917,334737,324180,604259,25878,9398,1391,84,1155,15474,121852,59763,968.0,60.0,69.0,52.0
Chhattisgarh,Mahasamund,21.223727037773354,82.65925427435384,1032754,511967,520787,1008061,12570,5284,2941,521,1495,1417,274793,35774,1017.0,62.0,71.0,53.0
Chhattisgarh,Raigarh,22.008265068493166,83.27797698630134,1493984,750278,743706,1422986,17332,47653,2117,781,409,1782,354278,66638,991.0,64.0,72.0,55.0
Chhattisgarh,Raigarh,22.008265068493166,83.27797698630134,2634200,1344345,1289855,2239370,227465,17452,7477,121791,12260,1159,581868,377160,959.0,74.0,79.0,68.0
Chhattisgarh,Raipur,20.88603153846152,82.20032759615388,4063872,2048186,2015686,3881485,103038,23181,16707,8397,17137,10680,673499,395001,984.0,65.0,73.0,56.0
Chhattisgarh,Surguja,23.32719278728607,83.23582493887531,2359886,1193129,1166757,2126195,81442,97432,2303,1287,623,48295,525596,65167,978.0,50.0,58.0,42.0
Daman and Diu,Daman,20.431616666666677,72.8392366071429,191173,124659,66514,171537,16087,2618,169,216,244,79,10006,61073,534.0,79.0,84.0,69.0
Daman and Diu,Junagadh,20.72568199498111,70.83985639899612,2743082,1404356,1338726,2397056,334858,2586,1110,1291,3841,77,489237,287506,953.0,67.0,75.0,59.0
Goa,North Goa,15.548723418714054,73.80667997909038,818008,416677,401331,622213,57941,134169,618,553,546,166,115859,209230,963.0,81.0,84.0,78.0
Goa,South Goa,15.195278658183785,73.941792596877,640537,322463,318074,341664,63623,231961,855,542,563,92,88620,162873,986.0,78.0,82.0,75.0
Gujarat,Ahmadabad,22.605425564971743,72.23898135593227,7214225,3788051,3426174,6042416,883238,50754,14542,4518,209287,2055,353169,1845383,904.0,75.0,80.0,70.0
Gujarat,Amreli,21.04832649310872,71.43457637825426,1514190,771049,743141,1410463,99105,919,415,243,2053,40,313714,116899,964.0,66.0,72.0,59.0
Gujarat,Anand,22.282718206229863,72.57782051557454,2092745,1087224,1005521,1798794,250919,29789,1524,267,8591,142,413078,208909,925.0,74.0,80.0,67.0
Gujarat,Banas Kantha,24.258538965517253,71.93205252873561,3120506,1610379,1510127,2890305,213505,1686,486,281,12659,83,666773,137424,938.0,55.0,65.0,43.0
Gujarat,Bharuch,21.75787276237761,72.67326346710801,1551019,805707,745312,1188204,343511,9494,1733,442,4813,342,300677,181319,925.0,72.0,77.0,66.0
Gujarat,Bhavnagar,21.70219390341736,72.16272632761141,2880365,1490201,1390164,2632574,212863,3457,1410,445,26974,127,387251,356826,933.0,66.0,73.0,58.0
Gujarat,Gandhinagar,23.193679790026252,72.67221679790026,1391753,723864,667889,1319586,57273,3237,1985,497,6405,82,237624,195634,923.0,74.0,80.0,67.0
Gujarat,Jamnagar,22.410600414263328,69.62062005768233,2160119,1114192,1045927,1810443,320805,4392,1873,1086,18856,136,347158,299167,939.0,65.0,71.0,57.0
Gujarat,Junagadh,20.929523011609785,70.54733890140345,2743082,1404356,1338726,2397056,334858,2586,1110,1291,3841,77,489237,287506,953.0,67.0,75.0,59.0
Gujarat,Kachchh,23.48057203301311,68.82192301497916,2092371,1096737,995634,1608921,442355,6192,6353,490,25312,98,488293,250982,908.0,60.0,67.0,52.0
Gujarat,Kheda,22.88765312500002,73.018803515625,2299885,1185727,1114158,2000884,264482,26629,1403,300,3479,82,461479,160547,940.0,72.0,79.0,64.0
Gujarat,Mahesana,23.529355452865065,72.45545194085031,2035064,1056520,978544,1885732,136431,1954,1082,146,7087,88,476005,183738,926.0,74.0,80.0,67.0
Gujarat,Narmada,21.70666386292833,73.68403208722742,590297,301086,289211,559848,22600,4413,147,80,373,2078,138121,22248,961.0,63.0,70.0,55.0
Gujarat,Navsari,20.866973318871995,72.86184869848157,1329672,678165,651507,1225087,78669,5733,2459,601,13386,2823,267739,141417,961.0,75.0,80.0,71.0
Gujarat,Panch Mahals,22.80435606837605,73.61984598290586,2390776,1226961,1163815,2220974,158513,2863,662,337,5236,131,463363,104238,949.0,60.0,70.0,50.0
Gujarat,Patan,23.80634198473284,71.75162977099237,1343734,694397,649337,1194745,142797,916,337,66,3602,66,301483,102655,935.0,62.0,71.0,53.0
Gujarat,Porbandar,21.55092351651571,69.71896987722886,585449,300209,285240,549749,33565,500,248,91,515,38,96015,87557,950.0,67.0,74.0,60.0
Gujarat,Rajkot,22.40603377715488,70.83679439383323,3804558,1974445,1830113,3397406,361388,5478,1918,1170,33591,269,459474,721532,927.0,72.0,77.0,66.0
Gujarat,Sabar Kantha,23.71803594548552,73.13638790459964,2428589,1244231,1184358,2260560,148563,6375,614,168,11110,52,544024,121509,952.0,65.0,74.0,56.0
Gujarat,Surat,21.25761372772093,72.93488716344339,6081322,3402224,2679098,5260193,660772,21052,5703,12902,112835,3920,369840,1529998,787.0,75.0,79.0,70.0
Gujarat,Surendranagar,22.82672007299272,71.48358740875906,1756268,909917,846351,1620282,109681,1419,512,312,22992,128,340788,159810,930.0,62.0,71.0,53.0
Gujarat,The Dangs,20.801633877551023,73.6883518367347,228291,113821,114470,203545,3593,20029,69,32,39,560,52102,7516,1006.0,62.0,68.0,56.0
Gujarat,Vadodara,22.26133739279589,73.49433010291594,4165626,2153736,2011890,3713941,384579,23813,9340,2069,27650,1124,547454,692971,934.0,69.0,75.0,64.0
Gujarat,Valsad,20.44238231644259,72.9148584798345,1705678,887222,818456,1571147,94034,19661,1589,913,13809,1417,262410,235981,922.0,69.0,74.0,63.0
Haryana,Ambala,30.3503672316384,76.94970310734456,1128350,598703,529647,955096,22143,3705,138202,381,4845,110,175365,139891,885.0,72.0,77.0,67.0
Haryana,Bhiwani,28.728868064516128,76.02110225806452,1634445,866672,767773,1611031,15515,873,2401,254,1016,26,357047,99235,886.0,65.0,74.0,56.0
Haryana,Faridabad,28.14873109756098,77.32718536585368,1809733,966110,843623,1588407,161680,9743,34572,640,4883,249,87700,382981,873.0,70.0,76.0,64.0
Haryana,Fatehabad,29.57298318584072,75.54608716814157,942011,495360,446651,779243,8360,996,150969,171,1172,530,203020,55360,902.0,59.0,66.0,52.0
Haryana,Gurgaon,28.043894789579163,77.01935130260523,1514432,816690,697742,1408801,70842,9725,15097,944,7451,254,141703,381988,854.0,73.0,78.0,68.0
Haryana,Hisar,29.23628731117825,75.84324682779452,1743931,931562,812369,1701061,21650,1945,12270,334,3620,33,302013,154113,872.0,64.0,72.0,55.0
Haryana,Jhajjar,28.59651868131869,76.61137142857145,958405,514667,443738,945693,8247,734,1042,105,645,22,211816,78328,862.0,71.0,78.0,62.0
Haryana,Jind,29.45149821958457,76.29598575667653,1334152,713006,621146,1276669,23016,889,29103,172,2594,56,278335,89665,871.0,62.0,70.0,53.0
Haryana,Kaithal,29.96068539094649,76.37698930041155,1074304,571003,503301,974520,8232,1769,87558,265,351,70,231091,75696,881.0,60.0,68.0,52.0
Haryana,Karnal,29.703200647249204,76.87488025889972,1505324,797712,707612,1341002,31650,2049,126207,532,1516,49,292682,135920,887.0,65.0,71.0,58.0
Haryana,Kurukshetra,30.05652659846548,76.78774680306903,964655,510976,453679,805175,15970,1943,140395,214,375,106,203553,88268,888.0,67.0,73.0,61.0
Haryana,Mahendragarh,28.1352161458333,76.14018072916659,922088,486665,435423,913251,5660,301,1737,75,644,15,223726,44216,895.0,68.0,78.0,57.0
Haryana,Panchkula,30.700897142857134,76.97173238095236,561293,299679,261614,490702,23451,2583,40951,1008,1626,90,70895,93656,873.0,72.0,77.0,67.0
Haryana,Panipat,29.34352134146342,76.92895914634147,1205437,646857,558580,1083936,86622,2261,25064,289,4647,99,173502,153804,864.0,65.0,72.0,58.0
Haryana,Rewari,28.19164714828897,76.55956007604564,900332,474335,425997,889133,5713,701,1804,202,1525,12,199449,69305,898.0,71.0,79.0,61.0
Haryana,Rohtak,28.892517647058817,76.53123235294117,1061204,568479,492725,1043887,8185,732,3916,200,3491,24,175203,131739,867.0,70.0,77.0,63.0
Haryana,Sirsa,29.63583446327684,74.90970480225988,1295189,682582,612607,940255,9524,2186,338962,370,2256,624,245476,93316,897.0,60.0,67.0,53.0
Himachal Pradesh,Bilaspur,31.3780422907489,76.65316079295157,381956,192764,189192,371973,6984,236,2387,113,10,7,152458,11987,981.0,75.0,81.0,70.0
Himachal Pradesh,Bilaspur,31.3780422907489,76.65316079295157,2663629,1351574,1312055,2540763,57973,20745,6373,2979,2357,29122,549632,188174,971.0,60.0,69.0,51.0
Himachal Pradesh,Chamba,32.66741814595661,76.39354063116366,519080,261320,257760,479782,32455,1559,2745,1740,57,14,186395,13836,986.0,62.0,71.0,53.0
Himachal Pradesh,Hamirpur,31.67668481012659,76.49767088607594,454768,217070,237698,449412,3711,243,591,95,293,9,196116,15232,1095.0,79.0,83.0,75.0
Himachal Pradesh,Hamirpur,31.67668481012659,76.49767088607594,1104285,593537,510748,1010014,91269,814,196,74,41,273,256081,55300,861.0,59.0,69.0,48.0
Himachal Pradesh,Kangra,32.14093603238864,76.41205910931173,1510075,750591,759484,1461140,19797,3023,8929,14511,194,208,588321,39007,1012.0,76.0,81.0,72.0
Himachal Pradesh,Kinnaur,31.60667184065933,78.51613736263741,84121,46249,37872,64732,448,485,249,18086,29,45,44514,0,819.0,72.0,79.0,63.0
Himachal Pradesh,Kullu,31.90911922077925,77.40922649350647,437903,225452,212451,415669,2974,1568,1396,15377,94,83,167995,20709,942.0,70.0,77.0,63.0
Himachal Pradesh,Mandi,31.635805940594054,76.96556930693067,999777,498065,501712,981412,9460,876,4081,2628,43,86,431129,31696,1007.0,72.0,79.0,66.0
Himachal Pradesh,Shimla,31.155725451807253,77.62573042168668,814010,425039,388971,791449,11810,2025,4047,3262,185,197,279269,95896,915.0,75.0,81.0,69.0
Himachal Pradesh,Sirmaur,30.682764453961443,77.43184689507493,529855,276289,253566,476830,33215,577,15501,2645,236,86,171102,21054,918.0,68.0,74.0,62.0
Himachal Pradesh,Solan,31.03864311926604,76.94442140672783,580320,308754,271566,548579,14678,1452,13926,574,591,110,192787,51509,880.0,74.0,79.0,68.0
Himachal Pradesh,Una,31.58330388349513,76.18353932038836,521173,263692,257481,480138,14275,390,26009,56,70,10,185091,20126,976.0,77.0,81.0,72.0
Jammu and Kashmir,Doda,33.359614675767915,76.07163720136518,409936,213641,196295,187621,220614,472,422,21,22,42,122267,11350,919.0,53.0,65.0,41.0
Jammu and Kashmir,Jammu,32.713199095022645,74.8477520361991,1529958,813821,716137,1289240,107489,12104,114272,470,1987,321,254566,248043,880.0,74.0,79.0,69.0
Jammu and Kashmir,Kargil,33.565994894894914,76.63675315315312,140802,77785,63017,10341,108239,604,1171,20126,28,4,40370,7774,810.0,61.0,72.0,48.0
Jammu and Kashmir,Kathua,32.51781678321678,75.58901398601404,616435,326109,290326,540063,64234,1828,9551,24,16,2,181374,33473,890.0,63.0,70.0,55.0
Jammu and Kashmir,Pulwama,33.88414418604652,75.00921860465118,560440,293064,267376,13840,535159,1109,9440,35,6,18,147520,21703,912.0,52.0,61.0,43.0
Jammu and Kashmir,Punch,33.791241290322574,74.29593161290322,476835,251899,224936,32604,431279,958,11188,83,10,2,132139,15269,893.0,55.0,65.0,44.0
Jammu and Kashmir,Srinagar,34.27312898550724,75.11021159420288,1236829,651124,585705,42540,1177342,2746,12187,285,74,2,4518,257721,900.0,61.0,66.0,54.0
Jammu and Kashmir,Udhampur,33.04770670731707,75.15286951219511,554985,296784,258201,489044,59771,1962,3418,106,57,235,148664,34696,870.0,58.0,67.0,48.0
Jharkhand,Bokaro,23.6814965034965,85.98398374125864,2062330,1072807,989523,1636460,241451,13730,4174,1890,2045,160524,250312,258452,922.0,62.0,71.0,52.0
Jharkhand,Chatra,24.11619945750453,84.93295804701627,1042886,533935,508951,903179,116710,6565,888,35,129,12936,200974,14528,953.0,49.0,57.0,41.0
Jharkhand,Deoghar,24.33070100755672,86.75697632241814,1492073,775022,717051,1165140,302626,6027,143,188,282,16067,257373,64337,925.0,53.0,63.0,42.0
Jharkhand,Dhanbad,23.854509090909097,86.40372924901185,2684487,1405956,1278531,2149480,431762,11243,9727,331,1268,77182,258764,405455,909.0,64.0,72.0,55.0
Jharkhand,Dumka,24.275006125574265,87.27662450229711,1321442,668514,652928,1044726,106865,86404,234,267,162,78622,303697,23281,977.0,51.0,61.0,41.0
Jharkhand,Garhwa,24.082114689265527,83.68664265536722,1322784,683575,639209,1104475,194680,17168,123,371,20,4591,272872,19180,935.0,49.0,59.0,39.0
Jharkhand,Giridih,24.30578509874329,86.08710915619386,2445474,1258098,1187376,1856202,508586,14645,937,650,1503,59218,452564,46886,944.0,51.0,62.0,40.0
Jharkhand,Godda,24.8189,87.2941735483871,1313551,677927,635624,937126,289182,37795,97,128,115,47067,276454,15576,938.0,46.0,55.0,36.0
Jharkhand,Gumla,23.078532948929148,84.55056787479396,1025213,514390,510823,309563,51429,202449,221,531,23,457468,216629,16445,993.0,55.0,63.0,47.0
Jharkhand,Jamtara,23.97873318077801,86.95325080091534,791042,404830,386212,550560,164406,4419,520,118,783,68564,165555,20113,954.0,54.0,64.0,44.0
Jharkhand,Latehar,23.72511185840708,84.48298743362837,726978,369666,357312,473049,69808,47653,120,128,16,133525,146377,14137,967.0,48.0,57.0,39.0
Jharkhand,Lohardaga,23.488796043165483,84.6605169064748,461790,232629,229161,112378,95012,16770,51,33,15,235987,96759,14725,985.0,56.0,64.0,48.0
Jharkhand,Pakur,24.57260428082189,87.69691969178076,900422,452661,447761,410127,322963,75865,356,283,222,88760,200588,16587,989.0,39.0,46.0,33.0
Jharkhand,Palamu,24.196925968109337,84.20310842824594,1939869,1006302,933567,1683169,238295,6164,734,188,284,5681,355529,52375,928.0,53.0,62.0,43.0
Jharkhand,Ranchi,23.184235061391547,85.31781937244203,2914253,1494937,1419316,1612239,410759,193974,4826,932,2733,677445,420740,310242,949.0,66.0,73.0,58.0
Jharkhand,Sahibganj,24.93667989690721,87.68264097938142,1150567,589391,561176,628044,398243,83208,198,245,125,38426,223450,37543,952.0,42.0,49.0,35.0
Jharkhand,Simdega,22.608760391198054,84.59193691931536,599578,300309,299269,201524,15103,306601,51,753,114,73930,144169,11114,997.0,57.0,64.0,51.0
Karnataka,Bagalkot,16.15860676328503,75.64526070853468,1889752,950111,939641,1634229,219991,3433,443,412,25198,166,324799,165858,989.0,59.0,68.0,50.0
Karnataka,Bangalore Rural,12.936827087794448,77.47369314775169,990923,509172,481751,890429,92252,5368,389,272,1045,85,231052,95410,946.0,70.0,76.0,63.0
Karnataka,Belgaum,16.16107219152853,74.72329042357275,4779661,2423063,2356598,4038331,528412,18418,2037,1086,178310,149,962777,356198,973.0,64.0,71.0,56.0
Karnataka,Bellary,15.074377548209377,76.47228471074374,2452595,1236954,1215641,2103633,320834,14014,1029,284,8044,54,371604,251876,983.0,58.0,66.0,50.0
Karnataka,Bidar,17.950361730769224,77.19459961538459,1703300,870665,832635,1289709,335184,35438,1145,30453,680,521,287134,102269,956.0,61.0,69.0,54.0
Karnataka,Bijapur,16.84015316666667,75.95909166666665,255230,128663,126567,245151,1617,2709,68,1649,15,3793,50449,7942,984.0,34.0,42.0,26.0
Karnataka,Bijapur,16.84015316666667,75.95909166666665,2177331,1111022,1066309,1786830,369588,2433,558,374,8665,499,396449,131041,960.0,57.0,66.0,49.0
Karnataka,Chikmagalur,13.425288289676422,75.67626502311249,1137961,566622,571339,1004553,101235,26000,182,109,4710,4,311660,80766,1008.0,72.0,77.0,67.0
Karnataka,Chitradurga,14.29102220394736,76.57821957236843,1659456,840843,818613,1520553,128751,3175,322,84,3778,128,349704,97644,974.0,66.0,72.0,59.0
Karnataka,Davanagere,14.330414586709884,75.91723841166937,1945497,986400,959097,1658465,265805,5420,307,164,6417,1743,354680,176011,972.0,67.0,73.0,61.0
Karnataka,Dharwad,15.343831376975173,75.13831264108359,1847023,937206,909817,1390020,386834,28747,1486,715,29037,2748,199707,283397,971.0,70.0,76.0,65.0
Karnataka,Gadag,15.507128256880746,75.64861302752298,1064570,537147,527423,907750,143665,3432,231,79,5993,74,180066,111906,982.0,66.0,74.0,57.0
Karnataka,Gulbarga,17.070459515951594,76.87503850385033,2566326,1301755,1264571,2011014,513125,8344,826,9589,4865,330,400704,199303,971.0,56.0,64.0,47.0
Karnataka,Hassan,12.945098749999998,76.11049549999997,1776421,883667,892754,1630814,120011,15611,289,623,5820,3,496103,132878,1010.0,69.0,76.0,62.0
Karnataka,Haveri,14.737582809224318,75.3961230607966,1597668,819128,778540,1281878,297927,2406,419,68,9834,702,315076,98488,950.0,68.0,74.0,62.0
Karnataka,Kodagu,12.39684468085106,75.79336595744688,554519,274608,279911,448986,87274,17130,139,126,250,220,181182,31792,1019.0,74.0,78.0,71.0
Karnataka,Kolar,13.312799881235172,78.01376947743476,1536401,776396,760005,1305431,199873,26722,253,150,2494,92,326567,151042,979.0,66.0,73.0,59.0
Karnataka,Koppal,15.651253271028034,76.1617048598131,1389920,699926,689994,1218024,161770,4081,296,85,2898,461,272968,64681,986.0,58.0,67.0,49.0
Karnataka,Mandya,12.574901806239744,76.81570098522172,1805769,905085,900684,1712695,77801,8506,322,299,3607,109,458867,103435,995.0,64.0,71.0,57.0
Karnataka,Mysore,12.248100259403367,76.52881802853437,3001127,1511600,1489527,2631985,290549,39361,1255,16194,14419,493,540596,380386,985.0,65.0,70.0,60.0
Karnataka,Raichur,16.050795353982295,76.87368606194688,1928812,964511,964301,1634062,272022,10394,538,2265,4156,29,330446,125402,1000.0,51.0,60.0,42.0
Karnataka,Shimoga,14.063845885634592,75.17882078103197,1752753,877415,875338,1479424,234664,26521,400,120,9234,367,352444,201662,998.0,72.0,77.0,67.0
Karnataka,Tumkur,13.592467760074973,77.02297966260545,2678980,1350594,1328386,2413812,245923,9130,477,187,5067,161,685443,204799,984.0,68.0,74.0,61.0
Karnataka,Udupi,13.450404228534568,74.72009990316337,1177361,562131,615230,1009179,96740,65838,232,161,4534,155,269817,115572,1094.0,79.0,83.0,75.0
Kerala,Alappuzha,9.542602965599087,76.38010796263319,2127789,1013142,1114647,1460447,224545,435056,268,146,74,311,331419,392117,1100.0,87.0,88.0,86.0
Kerala,Ernakulam,10.004879301987431,76.26957729035381,3282388,1619557,1662831,1509557,514397,1248137,860,614,1176,1083,369694,804997,1027.0,87.0,88.0,86.0
Kerala,Idukki,9.80480963855423,77.04586641566264,1108974,552808,556166,541854,82206,481507,100,189,44,384,391610,20823,1006.0,83.0,85.0,81.0
Kerala,Kannur,11.941523076923056,75.35209891725934,2523003,1181446,1341557,1509592,742483,262526,424,1118,193,722,306288,566191,1136.0,85.0,86.0,84.0
Kerala,Kasaragod,12.33310309912974,75.07768497134369,1307375,628613,678762,729987,486913,87454,151,362,130,152,251641,166164,1080.0,79.0,82.0,77.0
Kerala,Kollam,8.929388820570157,76.6360775852431,2635375,1246968,1388407,1697635,508500,421598,208,272,63,619,523715,401415,1113.0,85.0,86.0,84.0
Kerala,Kottayam,9.643701174068417,76.46059673302705,1974551,968289,1006262,983598,126499,858608,204,358,83,565,481967,196194,1039.0,89.0,89.0,88.0
Kerala,Kozhikode,11.392924270557026,75.71158720159153,3086293,1470942,1615351,1734958,1211131,131516,297,235,601,588,323793,666543,1098.0,85.0,86.0,83.0
Kerala,Malappuram,10.97329875666072,75.93910775606876,4112920,1960328,2152592,1135259,2888849,81556,205,179,68,579,634543,522586,1098.0,81.0,81.0,80.0
Kerala,Palakkad,10.784926903553291,76.49980490693744,2809934,1359478,1450456,1875980,812936,114397,220,238,78,400,665899,228442,1067.0,80.0,83.0,77.0
Kerala,Thiruvananthapuram,8.537101759082221,76.88711502868073,3301427,1581678,1719749,2194057,452915,630573,404,301,76,1082,559293,609824,1087.0,84.0,86.0,83.0
Kerala,Thrissur,10.458932647907687,76.12321940836945,3121200,1480763,1640437,1823442,532839,757484,259,278,62,585,336748,715119,1108.0,86.0,87.0,85.0
Kerala,Wayanad,11.715277464788736,76.07587007042254,817420,401684,415736,404460,234185,174453,61,312,1797,286,266183,11805,1035.0,79.0,82.0,76.0
Madhya Pradesh,Anuppur,23.18184220430107,81.86560000000007,749237,379114,370123,686524,21473,2132,606,86,1653,35434,147388,60325,976.0,58.0,67.0,49.0
Madhya Pradesh,Ashoknagar,24.63098846153845,77.82974493927134,845071,443837,401234,778214,40707,635,8009,1352,15094,27,169606,37135,904.0,56.0,65.0,45.0
Madhya Pradesh,Balaghat,21.80020720640569,80.42170053380796,1701698,842178,859520,1519384,38542,5295,1050,72162,4778,58064,400074,70793,1021.0,67.0,74.0,61.0
Madhya Pradesh,Barwani,21.702135714285724,74.91004719710673,1385881,699340,686541,1318869,58222,2967,2361,416,2289,263,250358,48912,982.0,40.0,45.0,34.0
Madhya Pradesh,Betul,21.964626315789477,77.7873428189117,1575362,799236,776126,1505745,37590,3271,1078,9651,3759,13048,318945,87704,971.0,60.0,66.0,53.0
Madhya Pradesh,Bhind,26.35951126187245,78.7618324287653,1703005,926843,776162,1595400,66776,973,4047,12215,19950,73,271211,88385,837.0,64.0,73.0,54.0
Madhya Pradesh,Bhopal,23.480726143790854,77.39246623093679,2371061,1236130,1134931,1755861,525434,23432,10789,21688,25950,335,118893,581826,918.0,70.0,74.0,65.0
Madhya Pradesh,Burhanpur,21.364567254408065,76.24460478589425,757847,388504,369343,552526,180840,1199,1074,19883,1884,99,115979,62861,951.0,54.0,60.0,48.0
Madhya Pradesh,Chhatarpur,24.813637376460004,79.56449299191374,1762375,936121,826254,1676918,70351,1980,968,250,10409,102,375869,95048,883.0,54.0,61.0,45.0
Madhya Pradesh,Chhindwara,22.227966971713823,78.76413136439254,2090922,1064468,1026454,1923920,100692,4893,2258,24471,7830,25771,413142,140802,964.0,62.0,69.0,55.0
Madhya Pradesh,Damoh,23.76624407960196,79.47049303482588,1264219,661873,602346,1186420,47966,1681,1096,119,25005,82,303387,66514,910.0,59.0,67.0,50.0
Madhya Pradesh,Datia,25.90226439560441,78.63916571428574,786754,420157,366597,747693,28483,683,490,7923,453,10,160453,43401,873.0,62.0,72.0,51.0
Madhya Pradesh,Dewas,22.7851110021322,76.46088805970157,1563715,805359,758356,1376591,174259,2355,2330,382,6497,72,274995,101014,942.0,59.0,68.0,49.0
Madhya Pradesh,Dhar,22.572681718963157,75.1105620736698,2185793,1112725,1073068,2051219,116202,2261,1607,328,12199,88,412348,103364,964.0,49.0,57.0,41.0
Madhya Pradesh,Dindori,22.83738437047757,81.04332966714911,704524,351913,352611,605435,6736,4238,260,61,687,84006,218021,9774,1002.0,54.0,63.0,44.0
Madhya Pradesh,Guna,24.49043927178156,77.2235895968791,1241519,649362,592157,1172248,49203,1208,3271,529,13474,52,212765,72320,912.0,53.0,62.0,43.0
Madhya Pradesh,Gwalior,26.04074441964285,78.12782433035713,2032036,1090327,941709,1835299,141735,4119,24790,4361,18058,217,172720,272172,864.0,67.0,74.0,59.0
Madhya Pradesh,Harda,22.227659781121783,77.07022571819435,570465,294838,275627,527462,38640,683,676,93,1573,55,112714,31845,935.0,62.0,69.0,54.0
Madhya Pradesh,Hoshangabad,22.595268801996703,78.02168094841929,1241350,648725,592625,1175203,52269,4453,3127,1550,3888,107,209650,105746,914.0,65.0,72.0,58.0
Madhya Pradesh,Indore,22.680265752128648,75.9133801324502,3276697,1699627,1577070,2728225,415142,18523,25696,11496,71667,720,200371,587947,928.0,70.0,76.0,65.0
Madhya Pradesh,Jabalpur,23.18525572327043,79.98328754716981,2463289,1277278,1186011,2159065,203652,23142,13256,4320,33728,21010,272284,352477,929.0,71.0,77.0,65.0
Madhya Pradesh,Jhabua,22.419578015397768,74.40921616766468,1025048,515023,510025,960925,15733,38423,141,65,8871,388,211080,24713,990.0,34.0,42.0,27.0
Madhya Pradesh,Katni,23.724416229116937,80.33819665871127,1292042,662013,630029,1240650,37232,3158,1167,157,5342,2643,276151,72880,952.0,61.0,70.0,52.0
Madhya Pradesh,Mandla,22.70348712446353,80.38600543633753,1054905,525272,529633,849518,16558,12450,436,297,1789,170533,279674,37258,1008.0,57.0,66.0,49.0
Madhya Pradesh,Mandsaur,24.19278764044944,75.43588667736759,1340411,682851,657560,1192588,125548,1120,849,242,19029,77,302287,81832,963.0,62.0,74.0,50.0
Madhya Pradesh,Morena,26.37313504531724,77.88447341389724,1965970,1068417,897553,1875495,76159,1092,557,3234,6681,92,319298,95288,840.0,60.0,70.0,48.0
Madhya Pradesh,Neemuch,24.70311893333336,75.06608186666664,826067,422653,403414,741288,67324,1508,1110,224,14165,115,174235,67962,954.0,62.0,73.0,50.0
Madhya Pradesh,Panna,24.451325840092657,80.21133001158752,1016520,533480,483040,974748,35214,418,186,37,4734,218,256744,32179,905.0,54.0,62.0,46.0
Madhya Pradesh,Raisen,23.292518206521724,78.16305495923909,1331597,700358,631239,1195235,120331,1725,2262,253,10637,190,251272,74441,901.0,62.0,68.0,54.0
Madhya Pradesh,Rajgarh,23.785499026425583,76.66431223922116,1545814,790212,755602,1433879,106928,1243,460,121,1599,50,331894,69823,956.0,52.0,62.0,42.0
Madhya Pradesh,Ratlam,23.503562290502792,75.14895782122909,1455069,738241,716828,1267043,151071,3996,1353,175,29353,123,266716,107151,971.0,57.0,66.0,48.0
Madhya Pradesh,Rewa,24.861184625158856,81.57572465057183,2365106,1225100,1140006,2268838,85414,1964,832,986,655,232,523910,94489,931.0,61.0,69.0,52.0
Madhya Pradesh,Sagar,23.800318709677374,78.71940357771273,2378458,1256257,1122201,2198297,103480,5580,4146,991,62992,168,448408,165507,893.0,65.0,72.0,57.0
Madhya Pradesh,Satna,24.62777621776502,80.75547048710598,2228935,1157495,1071440,2158623,59471,2228,1163,364,3135,1689,461831,114173,926.0,62.0,69.0,53.0
Madhya Pradesh,Sehore,22.9297199679658,77.06780202883085,1311332,683743,627589,1163607,137980,1404,640,357,6232,66,270427,59220,918.0,60.0,69.0,50.0
Madhya Pradesh,Seoni,22.33230487804874,79.66053863928111,1379131,695879,683252,1145052,79739,1857,360,7288,4982,135315,335045,47542,982.0,63.0,70.0,55.0
Madhya Pradesh,Shahdol,23.44859864559819,81.4596831828442,1066063,540021,526042,997073,42426,2372,912,268,1737,19448,233594,57846,974.0,57.0,65.0,49.0
Madhya Pradesh,Shajapur,23.566620317220547,76.33555181268885,1512681,780520,732161,1321003,174724,815,631,179,13755,66,312611,73997,938.0,59.0,70.0,48.0
Madhya Pradesh,Sheopur,25.78014810996563,77.16911116838484,687861,361784,326077,638702,41396,230,6387,201,379,40,150146,26376,901.0,48.0,58.0,37.0
Madhya Pradesh,Shivpuri,25.37802451874367,77.74861600810549,1726050,919795,806255,1648749,51200,1117,7151,3421,12171,72,367859,66759,877.0,52.0,62.0,41.0
Madhya Pradesh,Sidhi,24.17547189952905,82.1053783359498,1127033,575912,551121,1077545,34419,511,128,92,93,12556,250953,25916,957.0,53.0,61.0,45.0
Madhya Pradesh,Tikamgarh,25.14099852104666,78.89357064846428,1445166,760355,684811,1383475,44143,588,251,109,15569,39,322772,60220,901.0,52.0,60.0,42.0
Madhya Pradesh,Ujjain,23.319288862745065,75.80383717647058,1986864,1016289,970575,1718204,233133,4659,3241,945,24622,211,300765,188684,955.0,62.0,72.0,53.0
Madhya Pradesh,Umaria,23.59601063063061,80.90879477477475,644758,330674,314084,620515,15966,667,190,70,220,6028,138100,29966,950.0,55.0,64.0,46.0
Madhya Pradesh,Vidisha,23.82838307984792,77.9013507604563,1458875,769568,689307,1287391,149548,1313,914,295,18490,70,292579,83830,896.0,59.0,67.0,51.0
Maharashtra,Akola,20.746310479041902,77.12122320359276,1813906,932334,881572,1107809,357253,4483,1504,328033,10205,389,308158,196077,946.0,78.0,81.0,74.0
Maharashtra,Amravati,21.16520991810736,77.67583503184723,2888445,1480768,1407677,2055177,421410,7223,2242,383891,11360,3288,508921,272894,951.0,78.0,82.0,74.0
Maharashtra,Aurangabad,20.0979228832952,75.32072196796334,2540073,1318684,1221389,2291133,237353,2218,295,334,775,19,428291,49006,926.0,58.0,66.0,49.0
Maharashtra,Aurangabad,20.0979228832952,75.32072196796334,3701282,1924469,1776813,2545438,786677,15991,5142,309093,30981,1005,551789,427343,923.0,68.0,74.0,60.0
Maharashtra,Bhandara,21.211792649727748,80.10950199637024,1200334,605520,594814,1009352,26502,2145,831,154458,1017,3555,283843,72575,982.0,75.0,81.0,69.0
Maharashtra,Bid,18.952353340080982,75.69319706477731,2585049,1349106,1235943,2174672,320395,2097,824,68482,8719,399,563114,135457,916.0,66.0,73.0,59.0
Maharashtra,Buldana,20.56680611183355,76.39017880364096,2586258,1337560,1248698,1845424,354236,3531,1668,364229,12242,522,575405,152787,934.0,73.0,78.0,67.0
Maharashtra,Chandrapur,20.095609090909075,79.31556380471388,2204307,1123834,1080473,1780085,92297,10701,5251,286734,3861,23188,451324,233331,961.0,72.0,78.0,65.0
Maharashtra,Dhule,21.274018690400517,74.58719071837263,2050862,1054031,996831,1825460,187901,3653,1422,13405,12818,912,382777,146013,946.0,63.0,69.0,57.0
Maharashtra,Gondiya,21.225008411214997,80.17522698598128,1322507,661554,660953,1153861,26157,1827,2160,125282,1568,5080,319702,66813,999.0,76.0,82.0,70.0
Maharashtra,Hingoli,19.59525302245251,77.09239412780653,1177345,606294,571051,863199,127552,992,643,176679,5278,103,242456,41913,942.0,67.0,74.0,60.0
Maharashtra,Jalgaon,20.8828943415638,75.55140421810695,4229917,2197365,2032552,3457615,560261,7091,3091,143865,27404,9662,796223,373565,925.0,68.0,74.0,62.0
Maharashtra,Jalna,19.984612534818933,75.98473607242339,1959046,1011473,947573,1504641,274221,12542,1629,152540,9619,336,404746,98084,937.0,61.0,69.0,52.0
Maharashtra,Kolhapur,16.44881301587301,74.12897150793648,3876001,1980658,1895343,3379906,286558,15573,1570,29766,154882,1274,796496,382818,957.0,73.0,79.0,67.0
Maharashtra,Latur,18.348687268993856,76.75812607802874,2454196,1273140,1181056,2006984,367664,2387,935,66535,6387,310,428616,157016,928.0,67.0,73.0,61.0
Maharashtra,Nagpur,21.196556862745105,79.02166176470584,4653570,2384975,2268595,3492202,390974,34667,20469,668050,24528,12181,430844,877522,951.0,79.0,82.0,76.0
Maharashtra,Nanded,19.209316983017,77.6829048951049,3361292,1730075,1631217,2501741,471951,3902,13540,354189,5049,1273,591119,230563,943.0,65.0,73.0,57.0
Maharashtra,Nandurbar,21.523175625248147,74.32638757443429,1648295,833170,815125,1521618,96182,8467,685,4969,6191,2907,333440,71572,978.0,55.0,61.0,48.0
Maharashtra,Nashik,20.266912871287143,74.03824168316828,6107187,3157186,2950001,5237009,693052,23946,8912,94783,38212,1795,904661,764271,934.0,71.0,76.0,66.0
Maharashtra,Osmanabad,18.19459456066944,75.99495575313809,1657576,861535,796041,1437623,178925,942,340,28216,4530,195,367158,77832,924.0,69.0,75.0,62.0
Maharashtra,Parbhani,19.31032425249168,76.70163338870431,1836086,942870,893216,1328385,306364,2081,1371,187899,6238,262,293480,133759,947.0,63.0,71.0,55.0
Maharashtra,Pune,18.51696171428573,74.12922881632647,9429408,4924105,4505303,8090254,673704,134192,27090,340404,127786,9873,1165718,2056739,915.0,76.0,80.0,72.0
Maharashtra,Raigarh,18.453257637845976,73.0090609418579,1493984,750278,743706,1422986,17332,47653,2117,781,409,1782,354278,66638,991.0,64.0,72.0,55.0
Maharashtra,Raigarh,18.453257637845976,73.0090609418579,2634200,1344345,1289855,2239370,227465,17452,7477,121791,12260,1159,581868,377160,959.0,74.0,79.0,68.0
Maharashtra,Ratnagiri,17.210195070127703,73.25725893866404,1615069,761121,853948,1307211,187197,1990,230,113467,3347,95,538538,100824,1122.0,74.0,81.0,68.0
Maharashtra,Sangli,17.154930181086502,74.70713822937628,2822143,1435728,1386415,2440312,239607,9098,1260,38210,87453,769,626872,226801,966.0,73.0,78.0,67.0
Maharashtra,Satara,17.6737908974359,74.18052064102558,3003741,1510842,1492899,2691952,146970,4408,1182,141315,12810,676,774522,200949,988.0,74.0,79.0,69.0
Maharashtra,Sindhudurg,16.170948049777163,73.51329008172343,849651,417332,432319,780384,26264,15471,219,24762,1046,53,295847,44989,1036.0,78.0,83.0,74.0
Maharashtra,Solapur,17.837357937584812,75.42394823609216,4317756,2227852,2089904,3795424,441254,9882,1279,35497,28134,568,779929,376302,938.0,67.0,74.0,60.0
Maharashtra,Thane,19.698767747440264,72.79882742564581,11060148,5865078,5195070,8716055,1355630,280700,39149,449617,172052,9862,713994,2904157,886.0,74.0,78.0,70.0
Maharashtra,Wardha,20.80743024390242,78.57259105691062,1300774,668385,632389,1057096,53854,2696,2147,175417,5663,2254,268486,120218,946.0,78.0,83.0,74.0
Maharashtra,Washim,20.282282394366213,77.25502394366208,1197160,620302,576858,859949,142672,1707,518,179330,8476,381,274925,55921,930.0,73.0,79.0,66.0
Maharashtra,Yavatmal,20.04258346738159,78.05326371760479,2772348,1419965,1352383,2251401,239236,4567,1596,249874,11422,3745,629243,168889,952.0,73.0,79.0,67.0
Manipur,Bishnupur,24.50712111801243,93.8246236024845,237399,118782,118617,175102,18691,4264,56,76,16,38457,34977,21172,999.0,66.0,74.0,58.0
Manipur,Chandel,24.2635812987013,94.09443844155844,144182,74579,69603,10810,3086,129049,136,400,59,354,30377,3783,933.0,63.0,68.0,56.0
Manipur,Churachandpur,24.30309718875504,93.38671506024085,274143,138820,135323,12034,2886,254979,152,495,87,2333,52972,4853,975.0,71.0,75.0,68.0
Manipur,Senapati,25.08465586034914,94.03366234413956,479148,247323,231825,43833,1649,426819,140,2409,53,1243,38008,1826,937.0,55.0,60.0,50.0
Manipur,Tamenglong,24.98312942238265,93.49450740072204,140651,72371,68280,2995,589,134760,59,425,57,1144,23982,4119,943.0,60.0,65.0,55.0
Manipur,Thoubal,24.545392553191498,93.97959893617023,422168,210845,211323,267146,107323,4322,106,114,24,42347,65961,38302,1002.0,64.0,72.0,55.0
Manipur,Ukhrul,25.05900314960629,94.44129566929138,183998,94718,89280,7553,1115,174112,108,635,70,32,36084,5806,943.0,71.0,74.0,67.0
Meghalaya,East Garo Hills,25.82728228228228,90.64684924924916,317917,161223,156694,17272,3359,289708,56,1004,38,5617,62698,11518,972.0,60.0,64.0,57.0
Meghalaya,East Khasi Hills,25.303763888888884,91.75922519841272,825922,410749,415173,144935,14185,543394,2495,3111,303,115597,106248,108843,1011.0,70.0,70.0,70.0
Meghalaya,Jaintia Hills,25.33959557069844,92.37608160136298,395124,196285,198839,12456,1646,271596,34,284,45,107559,76546,7171,1013.0,47.0,45.0,50.0
Meghalaya,South Garo Hills,25.240568578553614,90.64560349127176,142334,73170,69164,7036,1050,132984,27,332,10,362,35930,3713,945.0,58.0,62.0,54.0
Meghalaya,West Garo Hills,25.495285185185185,90.03709947089942,643291,324159,319132,122936,106788,389956,209,3392,144,16950,139351,18594,984.0,56.0,60.0,52.0
Meghalaya,West Khasi Hills,25.500889926739926,91.25364542124538,383461,193715,189746,6498,1533,366881,58,1313,38,5878,74832,12299,980.0,60.0,61.0,60.0
Mizoram,Aizawl,23.90781335453101,92.85359459459472,400309,199270,201039,13249,5264,379134,105,1570,76,505,20570,80341,1009.0,85.0,85.0,85.0
Mizoram,Champhai,23.54166580976866,93.24221799485862,125745,63388,62357,1075,699,123446,9,151,45,194,18395,12717,984.0,80.0,81.0,79.0
Mizoram,Kolasib,24.2020004347826,92.73470391304348,83955,42918,41037,4000,4426,75210,16,108,2,46,9669,12507,956.0,78.0,80.0,77.0
Mizoram,Lawngtlai,22.36102843137253,92.66964156862753,117894,60599,57295,1668,522,63892,52,51549,122,2,21993,5273,945.0,53.0,60.0,46.0
Mizoram,Lunglei,23.007717036172675,92.63512555425892,161428,82891,78537,5231,1290,127124,74,27543,93,5,21479,17315,947.0,75.0,78.0,72.0
Mizoram,Mamit,23.73852942502819,92.4330803833147,86364,44828,41536,2989,1782,69104,13,12328,25,19,16726,4129,927.0,70.0,74.0,66.0
Mizoram,Saiha,22.35744801061008,93.02827931034489,56574,28594,27980,933,514,54977,11,102,4,2,7043,5784,979.0,75.0,76.0,73.0
Mizoram,Serchhip,23.263864705882344,92.914158496732,64937,32851,32086,991,335,63444,6,60,9,35,7472,8018,977.0,84.0,84.0,84.0
Nagaland,Dimapur,25.814176811594223,93.75074057971014,378811,197394,181417,108900,31212,234239,566,1270,2148,157,49116,62853,919.0,73.0,76.0,70.0
Nagaland,Kohima,25.60311428571428,93.78600657596373,267988,138966,129022,25496,4384,234955,998,1519,80,335,31845,44255,928.0,74.0,77.0,70.0
Nagaland,Mokokchung,26.478911764705888,94.522426006192,194622,101092,93530,9840,2057,181847,78,442,66,6,37536,17742,925.0,82.0,83.0,81.0
Nagaland,Mon,26.69207374301676,95.03072988826828,250260,131753,118507,8102,3444,236494,84,1256,314,1,43607,7415,899.0,48.0,51.0,44.0
Nagaland,Phek,25.63272986577182,94.56814563758392,163418,83743,79675,3563,950,158224,31,350,17,198,38903,7295,951.0,65.0,69.0,60.0
Nagaland,Tuensang,26.21104453280316,94.85809880715708,196596,101933,94663,2979,1052,191864,27,572,5,1,40690,9451,929.0,60.0,62.0,57.0
Nagaland,Wokha,26.202611551155112,94.1990815181518,166343,84505,81838,5605,2043,158236,34,318,8,20,38499,8170,968.0,77.0,80.0,74.0
Nagaland,Zunheboto,26.028178205128206,94.50026666666668,140757,71217,69540,2580,772,136995,39,286,6,2,31267,6044,976.0,73.0,75.0,71.0
Orissa,Baleshwar,21.48570932311624,87.08085828011933,2320529,1185787,1134742,2197709,94254,6434,237,111,201,18345,601154,82440,957.0,70.0,76.0,63.0
Orissa,Bhadrak,20.95262735257214,86.81496204516931,1506337,760260,746077,1398543,104202,745,169,81,111,61,373862,54244,981.0,73.0,78.0,67.0
Orissa,Cuttack,20.407640646029623,85.7776810228802,2624470,1352760,1271710,2457729,141263,11985,1026,6276,1180,168,579529,210768,940.0,77.0,82.0,71.0
Orissa,Dhenkanal,20.79887159353349,85.53226836027711,1192811,612593,580218,1185542,4805,727,124,366,39,139,315390,36979,947.0,70.0,76.0,63.0
Orissa,Gajapati,19.121080882352945,84.14015091911759,577817,282882,294935,353160,1556,219482,53,2180,66,4,152095,23050,1043.0,45.0,54.0,37.0
Orissa,Ganjam,19.2632617564534,84.80297710437702,3529031,1779218,1749813,3486059,13315,23975,590,174,170,76,795476,219918,983.0,63.0,71.0,54.0
Orissa,Jharsuguda,21.827058566978184,83.93581682242987,579505,296690,282815,553587,12783,10462,1441,80,70,67,103224,73962,953.0,70.0,77.0,63.0
Orissa,Kalahandi,19.784253092783523,83.1124043814433,1576869,787101,789768,1555367,4975,11160,796,175,1225,220,456336,38412,1003.0,51.0,62.0,40.0
Orissa,Kandhamal,20.092878624813142,84.02216352765326,733110,359945,373165,580300,2138,148895,82,290,47,23,218446,24489,1037.0,55.0,65.0,44.0
Orissa,Kendrapara,20.606319815982264,86.83763247572003,1440361,717814,722547,1386792,50247,1423,169,62,52,24,414749,23494,1007.0,76.0,81.0,70.0
Orissa,Khordha,20.054162322274863,85.52234834123229,2251673,1167137,1084536,2147632,84060,12527,1264,475,476,434,331834,356895,929.0,78.0,82.0,73.0
Orissa,Koraput,18.82627794779476,82.81278469846964,1379647,678809,700838,1294151,8850,68550,518,219,491,3384,381789,78339,1032.0,41.0,50.0,32.0
Orissa,Malkangiri,18.25227930367506,81.98293636363628,613192,303624,309568,600219,1871,10039,213,43,195,35,167884,15839,1020.0,40.0,48.0,32.0
Orissa,Mayurbhanj,21.897621545157754,86.4030408052231,2519738,1256213,1263525,2113079,33706,15008,661,162,109,351714,689110,64479,1006.0,54.0,63.0,46.0
Orissa,Nayagarh,20.192895622119817,85.05614700460825,962789,502636,460153,955754,5278,383,107,33,24,12,261646,26688,915.0,71.0,78.0,64.0
Orissa,Nuapada,20.471309512195116,82.59152536585364,610382,301962,308420,601092,4952,1778,724,76,905,22,197258,11869,1021.0,49.0,60.0,38.0
Orissa,Puri,19.83509174603177,85.86698989898981,1698730,865380,833350,1644905,46094,4239,193,243,94,302,402014,72210,963.0,76.0,81.0,70.0
Orissa,Rayagada,19.292840020060204,83.45860120361095,967911,471960,495951,874445,4607,84916,219,249,123,44,237343,49205,1051.0,42.0,51.0,33.0
Orissa,Sambalpur,21.515752380952385,84.34958483245157,1041099,526877,514222,964188,20120,50637,2506,310,86,1117,220697,94798,976.0,68.0,75.0,60.0
Orissa,Sundargarh,22.06354819277107,84.50524819277099,2093437,1061147,1032290,1532352,71391,385011,5713,710,721,89986,387911,230151,973.0,64.0,71.0,57.0
Puducherry,Karaikal,10.876161726078813,79.82369793621002,200222,97809,102413,152638,28835,18391,46,63,54,14,35618,33715,1047.0,77.0,82.0,73.0
Puducherry,Mahe,12.006420793787758,75.28275021570326,41816,19143,22673,27940,12856,958,3,21,14,3,0,12110,1184.0,87.0,87.0,88.0
Puducherry,Yanam,16.707695652173904,82.26187304347832,55626,27301,28325,53537,1191,873,3,1,4,4,0,15519,1038.0,71.0,73.0,68.0
Punjab,Amritsar,31.548679820627772,74.79883856502238,2490656,1318408,1172248,690939,12502,54344,1716935,876,3152,1044,275477,385476,889.0,68.0,71.0,64.0
Punjab,Bathinda,30.190524611973352,75.05685898004438,1388525,743197,645328,380569,16299,2474,984286,246,1266,559,218159,137563,868.0,61.0,66.0,55.0
Punjab,Faridkot,30.591187250996025,74.79751553784862,617508,326671,290837,141363,3125,1227,469789,155,1109,103,99946,58917,890.0,62.0,66.0,57.0
Punjab,Fatehgarh Sahib,30.64290947368421,76.36208394736842,600163,320795,279368,152851,16808,1698,427521,48,178,251,117559,57337,871.0,71.0,74.0,67.0
Punjab,Firozpur,30.63407535211269,74.40245732394365,2029074,1071637,957437,906408,6844,19358,1090815,454,1143,278,348522,153868,893.0,60.0,66.0,54.0
Punjab,Gurdaspur,32.04283371212125,75.3204064393939,2298323,1212617,1085706,1074332,27667,176587,1002874,405,580,812,420860,185488,895.0,71.0,75.0,67.0
Punjab,Hoshiarpur,31.55157169811319,75.8469857442349,1586625,809057,777568,1000743,23089,14968,538208,3476,2034,531,422673,128592,961.0,76.0,79.0,72.0
Punjab,Jalandhar,31.250336907216507,75.54400350515463,2193590,1145211,1048379,1394329,30233,26016,718363,11385,4011,805,330339,377791,915.0,74.0,77.0,71.0
Punjab,Kapurthala,31.336592638036837,75.47641165644177,815168,426311,388857,336124,10190,5445,453692,6662,553,334,165433,95770,912.0,71.0,74.0,67.0
Punjab,Ludhiana,30.76596397379912,75.83110851528383,3498739,1867816,1630923,1502403,77713,16517,1863408,2007,19620,1254,395032,641789,873.0,73.0,76.0,69.0
Punjab,Mansa,29.919547714285724,75.4304922857143,769751,408732,361019,156539,10375,917,598443,123,1577,493,145603,50786,883.0,55.0,60.0,50.0
Punjab,Moga,30.756540067340065,75.1600845117845,995746,525920,469826,158414,9388,3277,818921,178,436,365,214295,74144,893.0,63.0,66.0,59.0
Punjab,Muktsar,30.31243303303303,74.5518747747748,901896,475622,426274,254920,4333,1681,638625,240,744,433,149507,74650,896.0,58.0,63.0,53.0
Punjab,Patiala,30.214540380693364,76.27505893949697,1895686,1002522,893164,783306,40043,5683,1059944,245,1914,1410,299279,218090,891.0,67.0,71.0,62.0
Punjab,Rupnagar,30.910937330754347,76.53743500967126,684627,357485,327142,304481,14492,2094,361045,118,653,143,148162,60537,915.0,73.0,78.0,69.0
Punjab,Sangrur,30.185045204336895,75.89437014178496,1655169,878029,777140,389410,179116,2406,1077438,268,3222,1038,292156,156788,885.0,61.0,65.0,56.0
Rajasthan,Ajmer,26.199300378787903,74.6990419191919,2583052,1324085,1258967,2201663,314159,10605,6799,417,45614,184,409335,274919,951.0,59.0,70.0,48.0
Rajasthan,Alwar,27.55271738035265,76.65359630562563,3674179,1939026,1735153,3039279,547335,2696,64532,4384,13221,348,782294,212967,895.0,59.0,70.0,47.0
Rajasthan,Banswara,23.453642032967014,74.44246868131869,1797485,907754,889731,1701234,48834,22250,427,138,22613,109,390437,39407,980.0,46.0,57.0,35.0
Rajasthan,Baran,24.98023243243244,76.86210651828291,1222755,633945,588810,1133349,79984,1432,3066,84,2795,48,249184,69804,929.0,57.0,68.0,44.0
Rajasthan,Barmer,25.77070908045978,71.50297126436782,2603751,1369022,1234729,2244882,321192,1157,450,157,34010,34,542825,55980,902.0,46.0,57.0,33.0
Rajasthan,Bharatpur,27.32411858037578,77.21752077244258,2548462,1355726,1192736,2143046,371286,1576,23456,899,5758,18,479437,129697,880.0,58.0,70.0,45.0
Rajasthan,Bhilwara,25.45119767759564,74.63947595628417,2408523,1220736,1187787,2224839,142427,1978,1468,183,35149,60,530015,145865,973.0,52.0,64.0,40.0
Rajasthan,Bikaner,28.12489068322981,73.26943322981371,2363937,1240801,1123136,2073356,235741,1901,20072,285,30850,79,335754,196179,905.0,54.0,63.0,44.0
Rajasthan,Bundi,25.48580716049379,75.79984074074079,1110906,577160,533746,1017688,66609,682,11059,144,13455,24,239836,63452,925.0,53.0,64.0,40.0
Rajasthan,Chittaurgarh,24.631623761665463,74.80010997846382,1544338,783171,761167,1413163,97855,1274,1515,252,25843,136,366780,88873,972.0,53.0,66.0,40.0
Rajasthan,Churu,28.29330375536484,74.65846427038629,2039547,1051446,988101,1777879,249736,958,402,188,7104,127,344897,148996,940.0,56.0,66.0,46.0
Rajasthan,Dausa,26.91234817629181,76.57342097264443,1634409,857787,776622,1582335,45488,439,296,94,3737,115,361084,59610,905.0,57.0,70.0,44.0
Rajasthan,Dhaulpur,26.72397054945053,77.74476219780222,1206516,653647,552869,1127520,72258,688,1356,92,2739,21,214670,58626,846.0,57.0,67.0,45.0
Rajasthan,Dungarpur,23.75104807692308,73.84765641025645,1388552,696532,692020,1340065,28662,830,240,226,16141,853,322816,31547,994.0,49.0,60.0,38.0
Rajasthan,Ganganagar,29.256785412667963,73.56192303262948,1969168,1043340,925828,1437144,50688,2077,474853,938,1988,164,397697,164897,887.0,61.0,68.0,52.0
Rajasthan,Hanumangarh,29.1813351791531,74.74632573289902,1774692,931184,843508,1433067,118673,1542,216997,241,1935,138,389059,108694,906.0,58.0,67.0,49.0
Rajasthan,Jaipur,27.033459290187885,75.77117286012533,6626178,3468507,3157671,5819980,687452,12708,18782,1020,81079,257,754841,977838,910.0,65.0,74.0,55.0
Rajasthan,Jaisalmer,26.86900838548185,71.18371877346682,669919,361708,308211,497045,168129,874,1723,98,1521,34,159117,30830,852.0,46.0,58.0,32.0
Rajasthan,Jalor,25.07578093797277,72.18647261724662,1828730,936634,892096,1732852,78990,730,231,144,14640,82,419216,48202,952.0,45.0,58.0,32.0
Rajasthan,Jhalawar,24.24725541474657,76.11242891705065,1411129,725143,685986,1299751,96164,842,819,46,12488,42,298624,63763,946.0,52.0,64.0,40.0
Rajasthan,Jhunjhunun,28.13517401247401,75.52840893970894,2137045,1095896,1041149,1905682,228178,1004,275,56,548,85,500452,150357,950.0,64.0,74.0,53.0
Rajasthan,Jodhpur,26.678460838536967,73.00450847457628,3687165,1923928,1763237,3224399,411558,6035,4123,514,36697,80,584215,307442,916.0,55.0,66.0,43.0
Rajasthan,Karauli,26.51901555555556,76.96081818181815,1458248,783639,674609,1370977,81553,602,297,70,3424,413,305047,59308,861.0,55.0,68.0,41.0
Rajasthan,Kota,25.175718080000014,76.18618928000001,1951014,1021161,929853,1661307,243993,5665,11058,280,25742,286,203454,311735,911.0,67.0,75.0,57.0
Rajasthan,Nagaur,27.07862016048146,74.14215667001012,3307743,1696325,1611418,2833443,454487,1912,366,163,12940,276,675712,166489,950.0,53.0,65.0,41.0
Rajasthan,Pali,25.80490393541874,73.55285640766907,2037573,1025422,1012151,1870543,143476,1345,1540,141,18974,52,512909,139808,987.0,53.0,65.0,41.0
Rajasthan,Rajsamand,25.24894767441859,73.96570215946844,1156597,581339,575258,1105676,33677,759,260,100,14966,68,304622,61054,990.0,54.0,66.0,41.0
Rajasthan,Sawai Madhopur,26.251081180223288,76.4219283891548,1335551,704031,631520,1165505,155681,945,812,177,9991,42,282057,71264,897.0,56.0,69.0,40.0
Rajasthan,Sikar,27.64644058641976,75.29317422839503,2677333,1374990,1302343,2342076,327583,1122,356,177,4050,15,527560,178274,947.0,62.0,72.0,50.0
Rajasthan,Sirohi,24.7976905263158,72.75309131578943,1036346,534231,502115,996562,30479,1284,572,114,6829,56,238535,69639,940.0,46.0,58.0,33.0
Rajasthan,Tonk,26.153935071707927,75.79192216427637,1421326,728136,693190,1243527,153146,754,378,122,22458,30,298911,81755,952.0,53.0,66.0,39.0
Rajasthan,Udaipur,24.44076752136749,73.84029839743584,3068420,1566801,1501619,2869976,104307,7406,4278,209,78647,373,665449,182769,958.0,52.0,62.0,41.0
Sikkim,East,27.29600352941175,88.74908392156858,1709346,907500,801846,1410852,178807,15792,53027,2643,46927,366,1086,461132,884.0,79.0,82.0,75.0
Tamil Nadu,Ariyalur,11.190514836795256,79.22249643916912,754894,374703,380191,708397,7942,37403,104,88,65,42,223955,30322,1015.0,64.0,72.0,56.0
Tamil Nadu,Chennai,13.058098905608748,80.28139151846806,4646732,2335844,2310888,3751322,439270,358662,2851,2804,51708,1759,0,1314125,989.0,81.0,84.0,78.0
Tamil Nadu,Coimbatore,10.871376995940452,77.07619012178621,3458045,1729297,1728748,3044145,211035,190314,1112,435,3284,237,284795,884957,1000.0,76.0,81.0,72.0
Tamil Nadu,Cuddalore,11.57587300613498,79.63002365371497,2605914,1311697,1294217,2391675,123749,83334,401,236,1280,138,497429,260780,987.0,70.0,76.0,63.0
Tamil Nadu,Dharmapuri,12.300141200000006,78.11509813333339,1506843,774303,732540,1452956,38304,14089,164,39,37,87,396819,91107,946.0,61.0,68.0,53.0
Tamil Nadu,Dindigul,10.377801390820574,77.78011279554937,2159775,1080938,1078837,1879494,105012,169945,313,256,71,138,443818,269724,998.0,69.0,76.0,62.0
Tamil Nadu,Erode,11.267012155963302,77.42034334862392,2251744,1129868,1121876,2115455,76098,55899,435,148,639,157,411286,432398,993.0,66.0,73.0,59.0
Tamil Nadu,Kancheepuram,12.496424756511884,80.08820360135913,3998252,2012958,1985294,3537399,173785,256762,1620,990,4962,756,438799,774705,986.0,75.0,80.0,71.0
Tamil Nadu,Kanniyakumari,8.183466300191206,77.32053064053538,1870374,926345,944029,909872,78590,876299,160,438,156,10,104253,493788,1019.0,83.0,84.0,81.0
Tamil Nadu,Karur,10.79532776617955,78.08749686847604,1064493,528184,536309,993666,53292,16483,115,29,7,79,212241,152420,1015.0,68.0,76.0,61.0
Tamil Nadu,Madurai,9.904313833333331,78.01366033333332,3038252,1526475,1511777,2760502,168881,97711,520,199,1532,305,417718,592723,990.0,75.0,80.0,69.0
Tamil Nadu,Nagapattinam,10.789468161718286,79.79437299431483,1616450,798127,818323,1435072,128617,47579,184,450,963,110,399016,118724,1025.0,75.0,80.0,70.0
Tamil Nadu,Namakkal,11.33766638477801,78.14624841437633,1726601,869280,857321,1673652,32483,16909,183,108,84,199,370357,257127,986.0,68.0,75.0,61.0
Tamil Nadu,Perambalur,11.260137758112096,78.86034011799416,565223,282157,283066,521658,32702,10301,83,39,38,26,155413,33179,1003.0,66.0,74.0,59.0
Tamil Nadu,Pudukkottai,10.130514816433578,79.05444484265728,1618345,803188,815157,1428784,114194,72850,119,81,32,293,399712,104229,1015.0,69.0,76.0,62.0
Tamil Nadu,Ramanathapuram,9.31286995153476,78.99185362412462,1353445,682658,670787,1047411,208038,91139,154,86,29,36,290478,126761,983.0,72.0,79.0,66.0
Tamil Nadu,Salem,11.629324202127655,78.2478257978723,3482056,1781571,1700485,3326357,95487,53841,412,174,992,246,572813,597539,954.0,66.0,72.0,59.0
Tamil Nadu,Sivaganga,9.960306580645158,78.56535729032255,1339101,668672,670429,1186078,74310,75481,150,80,109,24,309224,143193,1003.0,72.0,79.0,65.0
Tamil Nadu,Thanjavur,10.387692255892237,79.3194869107745,2405890,1182416,1223474,2075870,190814,133971,231,795,1256,148,479070,274302,1035.0,74.0,80.0,69.0
Tamil Nadu,Theni,9.924066666666668,77.43458833333332,1245899,625683,620216,1148990,56751,37574,152,79,28,74,189328,221295,991.0,70.0,77.0,63.0
Tamil Nadu,Thiruvallur,13.275858101752885,80.19724702864492,3728104,1876062,1852042,3325823,143093,233633,1422,951,3693,530,387237,732196,987.0,75.0,80.0,70.0
Tamil Nadu,Thiruvarur,10.368927409395978,79.60322893959727,1264277,626693,637584,1132785,96092,33192,258,151,279,64,321331,86848,1017.0,75.0,80.0,70.0
Tamil Nadu,Tiruvannamalai,12.419318947368414,79.23265631578953,2464875,1235889,1228986,2294369,91636,66987,232,157,7898,110,563102,147061,994.0,66.0,74.0,58.0
Tamil Nadu,Vellore,12.784882632293078,79.02643283582084,3936331,1961688,1974643,3397857,414760,111390,676,438,3514,251,653499,486801,1007.0,70.0,77.0,64.0
Tamil Nadu,Virudhunagar,9.468872195892564,77.87641469194315,1942288,967709,974579,1822626,47838,67405,245,87,98,75,363782,370942,1007.0,72.0,79.0,66.0
Tripura,Dhalai,23.781360477941163,91.94654283088232,378230,194544,183686,307120,8256,22940,175,39120,85,206,89457,14071,944.0,73.0,78.0,68.0
Tripura,North Tripura,24.121739755351683,92.17842538226292,693947,352860,341087,507967,105737,44062,151,34717,307,70,150437,42184,967.0,75.0,78.0,72.0
Tripura,South Tripura,23.211874098057383,91.6065807585568,876001,447544,428457,736015,49258,39258,245,49420,106,808,219171,44906,957.0,74.0,78.0,69.0
Tripura,West Tripura,23.780166241299337,91.41310788863107,1725739,879428,846311,1512801,152791,53622,499,2128,362,430,289621,217016,962.0,79.0,82.0,75.0
Uttar Pradesh,Agra,26.99512974910393,78.05278291517321,4418797,2364953,2053844,3922718,411313,10076,12057,4049,21508,384,496971,406852,868.0,61.0,68.0,52.0
Uttar Pradesh,Aligarh,27.93748576850093,78.00146831119557,3673889,1951996,1721893,2904140,729283,7635,5875,2582,2805,91,582117,275942,882.0,57.0,66.0,47.0
Uttar Pradesh,Allahabad,25.392038662316445,82.05172446982063,5954391,3131807,2822584,5102041,796756,13782,4377,4391,2247,305,983266,265304,901.0,62.0,70.0,52.0
Uttar Pradesh,Ambedkar Nagar,26.39119025974028,82.68282142857147,2397888,1212410,1185478,1985654,401678,2536,869,1817,235,33,501559,65031,978.0,62.0,70.0,54.0
Uttar Pradesh,Auraiya,26.66892394014961,79.42637057356607,1379545,740040,639505,1273546,101963,1004,371,332,228,444,255836,58438,864.0,67.0,74.0,60.0
Uttar Pradesh,Azamgarh,26.008290954773837,83.01220251256285,4613913,2285004,2328909,3878626,718692,3810,719,5652,183,226,891024,80434,1019.0,60.0,68.0,52.0
Uttar Pradesh,Baghpat,29.045793499999988,77.30266300000001,1303048,700070,602978,917474,364583,1840,483,161,16139,25,246055,69991,861.0,61.0,70.0,51.0
Uttar Pradesh,Bahraich,27.691776300578027,81.46779783237004,3487731,1843884,1643847,2291892,1169330,6400,8212,2793,1177,38,698520,61742,892.0,40.0,48.0,32.0
Uttar Pradesh,Ballia,25.86075638297873,84.03651978723408,3239774,1672902,1566872,3004240,213440,4463,892,1595,233,64,564927,64454,937.0,61.0,69.0,51.0
Uttar Pradesh,Balrampur,27.449076537911324,82.47158326180256,2148665,1114721,1033944,1333242,805975,3228,900,1866,198,87,410070,35768,928.0,40.0,49.0,31.0
Uttar Pradesh,Banda,25.351885902503284,80.52487391304344,1799410,965876,833534,1637549,157612,1367,231,168,916,50,378056,67569,863.0,56.0,65.0,45.0
Uttar Pradesh,Bara Banki,26.922777025232424,81.35762350597606,3260699,1707073,1553626,2505444,737106,4857,2090,1553,3016,211,635840,79068,910.0,52.0,59.0,44.0
Uttar Pradesh,Bareilly,28.51101940789474,79.43187072368416,4448359,2357665,2090694,2830768,1536534,14822,28187,4371,931,339,631613,362798,887.0,49.0,57.0,41.0
Uttar Pradesh,Basti,26.833880454545447,82.69790590909092,2464464,1255272,1209192,2082976,364510,3493,900,9753,107,99,513960,31065,963.0,57.0,65.0,47.0
Uttar Pradesh,Bijnor,29.313974259681096,78.45098815489754,3682713,1921215,1761498,2032081,1585210,6184,50624,1736,2134,41,683875,224648,917.0,58.0,65.0,51.0
Uttar Pradesh,Bulandshahr,28.34875862068968,78.01082758620684,3499171,1845260,1653911,2707195,777407,4088,2765,669,1572,86,658449,221628,896.0,58.0,68.0,47.0
Uttar Pradesh,Chandauli,25.1180859611231,83.25307062634984,1952756,1017905,934851,1727869,215081,2153,1389,340,100,1175,344937,50822,918.0,60.0,69.0,51.0
Uttar Pradesh,Chitrakoot,25.159924623803,81.07666087551297,991730,527721,464009,955372,34559,693,63,101,285,27,207237,23558,879.0,54.0,63.0,43.0
Uttar Pradesh,Deoria,26.42218856548857,83.8244070686071,3100946,1537436,1563510,2730957,358539,3626,818,1182,209,146,597778,67928,1017.0,60.0,70.0,51.0
Uttar Pradesh,Etah,27.591155309734443,78.70021858407083,1774480,947339,827141,1611126,146346,2464,708,2887,5671,18,334246,67752,873.0,59.0,68.0,49.0
Uttar Pradesh,Etawah,26.78817670157068,79.07621806282728,1581810,845856,735954,1457892,113961,1362,1045,1733,3917,94,265643,85483,870.0,67.0,74.0,60.0
Uttar Pradesh,Faizabad,26.60589185185181,82.00783530864202,2470996,1259628,1211368,2094271,365806,3225,1912,737,358,185,510378,79288,962.0,59.0,67.0,51.0
Uttar Pradesh,Farrukhabad,27.45063297872342,79.4406284574468,1885204,1006240,878964,1596278,276846,3137,3160,3161,487,100,316647,94843,874.0,58.0,65.0,50.0
Uttar Pradesh,Fatehpur,25.8374362030905,80.85416203090509,2632733,1384722,1248011,2274674,350700,2201,402,172,199,47,558807,77733,901.0,57.0,66.0,48.0
Uttar Pradesh,Firozabad,27.20963993055552,78.42660624999998,2498156,1332046,1166110,2140745,314812,3370,1804,3395,19077,61,349747,185621,875.0,61.0,68.0,52.0
Uttar Pradesh,Gautam Buddha Nagar,28.393311038961038,77.52462467532465,1648115,890214,757901,1394025,215500,7366,9261,895,4518,91,170835,338935,851.0,68.0,75.0,60.0
Uttar Pradesh,Ghaziabad,28.74997308584685,77.67441879350343,4681645,2488834,2192811,3414427,1186776,19026,23001,3487,16412,265,355407,836316,881.0,67.0,73.0,60.0
Uttar Pradesh,Ghazipur,25.624724775583484,83.5360854578097,3620268,1855075,1765193,3233790,368153,4181,810,3145,213,184,700173,61467,952.0,61.0,70.0,51.0
Uttar Pradesh,Gonda,27.157215552099505,82.0226888024882,3433919,1787146,1646773,2739076,678615,4735,1893,649,338,57,673578,52794,921.0,49.0,58.0,39.0
Uttar Pradesh,Gorakhpur,26.63315886792452,83.3549560377358,4440895,2277777,2163118,4009037,403847,9662,2123,2848,460,207,761958,189170,950.0,61.0,70.0,51.0
Uttar Pradesh,Hamirpur,25.738158381502892,79.82619479768789,454768,217070,237698,449412,3711,243,591,95,293,9,196116,15232,1095.0,79.0,83.0,75.0
Uttar Pradesh,Hamirpur,25.738158381502892,79.82619479768789,1104285,593537,510748,1010014,91269,814,196,74,41,273,256081,55300,861.0,59.0,69.0,48.0
Uttar Pradesh,Hardoi,27.337409090909137,80.26411767676768,4092845,2191442,1901403,3508131,556219,5822,5688,6671,446,98,786613,121064,868.0,54.0,63.0,45.0
Uttar Pradesh,Jalaun,26.067954587155988,79.36686911314993,1689974,906092,783882,1509708,171581,1148,463,2875,256,145,304856,91565,865.0,64.0,72.0,54.0
Uttar Pradesh,Jaunpur,25.70141280913127,82.54315351934063,4494204,2220465,2273739,3981502,483750,4947,1286,7898,349,114,926088,80582,1024.0,61.0,70.0,51.0
Uttar Pradesh,Jhansi,25.45581535234902,78.89954580536917,1998603,1057436,941167,1823930,147842,7050,4951,1203,7328,311,309592,195321,890.0,65.0,74.0,55.0
Uttar Pradesh,Jyotiba Phule Nagar,28.870498984771597,78.39009365482241,1840221,963449,876772,1075440,750368,5952,5295,189,517,21,335888,115486,910.0,53.0,62.0,44.0
Uttar Pradesh,Kannauj,26.993988617886185,79.64437940379408,1656616,881776,774840,1375788,273967,1263,504,2033,606,65,299785,65985,879.0,61.0,68.0,53.0
Uttar Pradesh,Kanpur Dehat,26.43047641196011,79.98710083056478,1796184,963255,832929,1612968,176327,1300,478,819,155,103,363933,41323,865.0,65.0,72.0,57.0
Uttar Pradesh,Kaushambi,25.53587532051282,81.41811282051287,1599596,838485,761111,1372381,220423,2225,522,687,545,3,349856,30764,908.0,51.0,60.0,40.0
Uttar Pradesh,Kushinagar,26.892530675909864,83.92261542461007,3564544,1818055,1746489,2928462,620244,5006,767,4619,383,133,742324,42775,961.0,55.0,65.0,44.0
Uttar Pradesh,Lalitpur,24.58877161016945,78.60082330508473,1221592,641011,580581,1163804,33724,1351,1034,69,20390,41,258013,43819,906.0,52.0,62.0,42.0
Uttar Pradesh,Lucknow,26.838233589251463,80.89706026871404,4589838,2394476,2195362,3537787,985070,20493,23883,3877,4975,504,344155,717566,917.0,68.0,73.0,63.0
Uttar Pradesh,Mahoba,25.34529670138888,79.67863003472216,875958,466358,409600,815142,57454,965,389,94,234,157,198298,48525,878.0,56.0,65.0,45.0
Uttar Pradesh,Mainpuri,27.17386862302482,79.03501851015807,1868529,993377,875152,1746649,100723,1729,475,8814,4161,38,338475,72783,881.0,64.0,72.0,56.0
Uttar Pradesh,Mathura,27.59390432801821,77.62153416856502,2547184,1367125,1180059,2310776,216933,3179,2872,883,2056,126,407488,177802,863.0,59.0,69.0,48.0
Uttar Pradesh,Mau,26.01082203791469,83.50582654028433,2205968,1114709,1091259,1769937,428555,2109,340,564,155,129,352207,99321,979.0,62.0,69.0,54.0
Uttar Pradesh,Meerut,29.02957625698323,77.80611005586593,3443689,1825743,1617946,2183255,1185643,10582,24912,1855,18544,236,381520,422303,886.0,62.0,69.0,55.0
Uttar Pradesh,Mirzapur,25.10207959183675,82.60126628571429,2496970,1312302,1184668,2292534,195765,2373,1133,341,701,27,465152,77963,903.0,57.0,66.0,48.0
Uttar Pradesh,Moradabad,28.851770406189537,78.73580193423597,4772006,2503186,2268820,2488265,2248392,13157,7555,1260,2426,382,692398,355518,906.0,47.0,54.0,40.0
Uttar Pradesh,Muzaffarnagar,29.470507977736563,77.64017847866423,4143512,2193434,1950078,2382914,1711453,6495,18601,1516,16345,60,673746,296104,889.0,58.0,66.0,50.0
Uttar Pradesh,Pilibhit,28.52024175035868,79.90103974175037,2031007,1072002,959005,1449007,489686,3510,84787,360,138,45,371752,89638,895.0,52.0,61.0,42.0
Uttar Pradesh,Pratapgarh,25.864842731707316,81.93530048780492,867848,437744,430104,827293,25597,358,72,32,14077,27,209813,24269,983.0,46.0,57.0,35.0
Uttar Pradesh,Pratapgarh,25.864842731707316,81.93530048780492,3209141,1606085,1603056,2731351,452394,3920,1451,7795,746,43,711085,41701,998.0,60.0,70.0,51.0
Uttar Pradesh,Rae Bareli,26.253902840059787,81.22260463378181,3405559,1752542,1653017,2975998,413243,3634,2424,722,397,602,705025,73393,943.0,58.0,67.0,48.0
Uttar Pradesh,Rampur,28.83244727272725,79.10977333333337,2335819,1223889,1111930,1073890,1181337,9201,65316,384,1307,63,396775,143217,909.0,45.0,52.0,37.0
Uttar Pradesh,Saharanpur,30.03381165217392,77.59905147826095,3466382,1834106,1632276,1966892,1454052,6523,18627,1937,10208,135,605082,284156,890.0,60.0,67.0,53.0
Uttar Pradesh,Sant Kabir Nagar,26.791596516393444,83.0387764344262,1715183,869656,845527,1300586,404410,1766,447,4393,95,35,324972,27179,972.0,56.0,65.0,46.0
Uttar Pradesh,Shahjahanpur,27.991389350649328,79.8302275324675,3006538,1606403,1400135,2412595,527581,4630,51090,2312,301,84,520289,134714,872.0,50.0,57.0,41.0
Uttar Pradesh,Sitapur,27.501995963091108,80.85288881199547,4483992,2375264,2108728,3555450,893725,6579,11611,2663,1410,79,827583,111319,888.0,51.0,59.0,42.0
Uttar Pradesh,Sonbhadra,24.46693268858798,83.06816324951639,1862559,971344,891215,1738769,103567,3963,1649,1747,487,1907,337048,91040,918.0,53.0,62.0,43.0
Uttar Pradesh,Sultanpur,26.2846386419753,82.05710456790123,3797117,1914586,1882531,3119590,650261,4453,1629,9989,426,336,839737,49891,983.0,59.0,68.0,50.0
Uttar Pradesh,Unnao,26.63163990895297,80.636773292868,3108367,1630087,1478280,2732016,363453,3574,1204,920,240,31,596317,121039,907.0,57.0,65.0,49.0
Uttar Pradesh,Varanasi,25.36057088888889,82.82529666666672,3676841,1921857,1754984,3107681,546987,7696,3309,1146,1898,298,438935,316129,913.0,65.0,72.0,58.0
Uttaranchal,Almora,29.683532133676103,79.50165064267351,622506,291081,331425,611250,7752,1895,256,201,31,6,260056,21082,1139.0,70.0,80.0,62.0
Uttaranchal,Bageshwar,29.98703393393397,79.83954354354357,259898,124326,135572,257509,1440,397,46,102,7,16,96031,3880,1090.0,69.0,78.0,60.0
Uttaranchal,Chamoli,30.58338611464965,79.56281095541402,391605,193991,197614,385818,4395,428,323,190,11,23,163434,22906,1019.0,72.0,80.0,63.0
Uttaranchal,Champawat,29.29142393939393,80.07720212121217,259648,131125,128523,249563,8693,870,336,24,28,6,85202,12839,980.0,68.0,78.0,59.0
Uttaranchal,Pithoragarh,30.14720631868129,80.34229230769236,483439,239306,244133,475105,6015,1401,260,185,13,30,183687,26256,1020.0,71.0,79.0,64.0
Uttaranchal,Tehri Garhwal,30.463700918635173,78.48783792650917,618931,297986,320945,609835,7374,656,290,32,91,109,227059,27177,1077.0,66.0,76.0,56.0
Uttaranchal,Udham Singh Nagar,29.02779577677222,79.45629004524895,1648902,858783,790119,1104452,372267,6064,162768,505,738,159,269406,145253,920.0,63.0,70.0,56.0
Uttaranchal,Uttarkashi,30.968958552036234,78.56880615384617,330086,168597,161489,324859,3554,353,167,563,74,105,112148,9061,958.0,65.0,76.0,54.0
West Bengal,Bankura,23.081280892857155,87.12640053571437,3596674,1838095,1758579,3033581,290450,3865,386,260,2904,260694,900515,90885,957.0,62.0,71.0,53.0
West Bengal,Barddhaman,23.444453888888884,87.8150581111111,7717563,3966889,3750674,6008472,1599764,21220,16675,1602,1674,44968,1364868,862368,945.0,68.0,74.0,62.0
West Bengal,Birbhum,24.06389342723,87.65153089201888,3502404,1790920,1711484,2181515,1298054,10906,582,258,1152,6051,831044,134565,956.0,62.0,67.0,56.0
West Bengal,Dakshin Dinajpur,25.342094363021435,88.69821679819614,1676276,857199,819077,1232850,412788,24794,276,148,323,2786,390949,70077,956.0,65.0,70.0,59.0
West Bengal,Darjiling,26.839619571045585,88.33145067024122,1846823,937259,909564,1366681,105086,141848,2032,209240,1840,15523,303284,215675,970.0,71.0,77.0,66.0
West Bengal,Haora,22.401674174428507,87.99421176968654,4850029,2500819,2349210,3535844,1270641,8666,4380,1258,9699,1265,483384,869313,939.0,74.0,78.0,71.0
West Bengal,Hugli,22.87929264705881,88.00010264705891,5519145,2814653,2704492,4574569,870204,7300,2662,1730,2160,49050,992085,647953,961.0,74.0,79.0,69.0
West Bengal,Jalpaiguri,26.62642031250004,89.04154375000003,3872846,1983064,1889782,3156781,445817,186279,2994,50676,1461,23816,798378,319426,953.0,65.0,70.0,58.0
West Bengal,Kolkata,22.550581481481483,88.3527648148148,4496694,2356766,2139928,3440290,926414,39758,13849,4771,21178,1452,0,1308106,908.0,80.0,82.0,78.0
West Bengal,Maldah,25.08026802575105,88.17191684549356,3988845,2051541,1937304,1914352,2045151,13209,747,359,639,7929,830318,128678,944.0,52.0,56.0,48.0
West Bengal,Murshidabad,24.25950655391121,88.16816860465121,7103807,3627564,3476243,2359061,4707573,18102,766,348,3037,7429,1501066,350899,958.0,57.0,60.0,54.0
West Bengal,Nadia,23.56410971055088,88.58293034547152,5167600,2653768,2513832,3728482,1382682,33835,849,514,281,16893,1081381,468390,947.0,67.0,71.0,64.0
West Bengal,Puruliya,23.254192328767108,86.3968532876713,2930115,1496996,1433119,2373120,227249,8646,622,209,3052,309029,653219,99433,957.0,55.0,67.0,43.0
West Bengal,Uttar Dinajpur,26.044619165196977,88.23595232216337,3007134,1551066,1456068,1482943,1501170,16702,477,432,1324,1622,683981,94269,939.0,50.0,55.0,44.0
